{
	"partitions" : [
		{
			"name" : "Top",
			"pins" : [
				{
					"name" : "LEDs[0]",
					"strict" : false
				},
				{
					"name" : "LEDs[1]",
					"strict" : false
				},
				{
					"name" : "LEDs[2]",
					"strict" : false
				},
				{
					"name" : "LEDs[3]",
					"strict" : false
				},
				{
					"name" : "LEDs[4]",
					"strict" : false
				},
				{
					"name" : "LEDs[5]",
					"strict" : false
				},
				{
					"name" : "LEDs[6]",
					"strict" : false
				},
				{
					"name" : "LEDs[7]",
					"strict" : false
				},
				{
					"name" : "LEDs[8]",
					"strict" : false
				},
				{
					"name" : "LEDs[9]",
					"strict" : false
				},
				{
					"name" : "clk",
					"strict" : false
				},
				{
					"name" : "enable",
					"strict" : false
				},
				{
					"name" : "reset_button",
					"strict" : false
				},
				{
					"name" : "speed_button",
					"strict" : false
				}
			]
		}
	]
}