{
	"partitions" : [
		{
			"name" : "Top",
			"pins" : [
				{
					"name" : "s",
					"strict" : false
				},
				{
					"name" : "t",
					"strict" : false
				},
				{
					"name" : "u",
					"strict" : false
				},
				{
					"name" : "v",
					"strict" : false
				},
				{
					"name" : "w",
					"strict" : false
				},
				{
					"name" : "x",
					"strict" : false
				},
				{
					"name" : "y",
					"strict" : false
				},
				{
					"name" : "z",
					"strict" : false
				},
				{
					"name" : "a",
					"strict" : false
				},
				{
					"name" : "b",
					"strict" : false
				}
			]
		}
	]
}